{
  "best_model": "XGBoost",
  "threshold": 0.5499999999999999,
  "weights_f1": {
    "xgboost": 0.340139306835908,
    "knn": 0.3398889411993561,
    "gaussian_nb": 0.31997175196473593
  },
  "weights_auc": {
    "xgboost": 0.34896188159301494,
    "knn": 0.3328646095429202,
    "gaussian_nb": 0.3181735088640649
  },
  "metrics": {
    "roc_auc": 0.9720491584236849,
    "f1_macro": 0.7741840486619036,
    "precision": 0.5468262226847035,
    "recall": 0.5894559730790802
  },
  "knn_neighbors": 30
}