model,roc_auc,accuracy,precision,recall,f1,f1_macro,train_time,confusion_matrix
BernoulliNB,0.7660713640469737,0.7089649551752242,0.2064867541470661,0.695,0.31838137049055165,0.5666825250463224,0.04024386405944824,"[[7865 3205]
 [ 366  834]]"
MultinomialNB,0.7475780261969287,0.7915240423797881,0.2588778409090909,0.6075,0.36304780876494025,0.6192066173039279,0.013829946517944336,"[[8983 2087]
 [ 471  729]]"
GaussianNB,0.7083937443541102,0.8762836185819071,0.34593023255813954,0.2975,0.31989247311827956,0.6259225679200865,0.0388178825378418,"[[10395   675]
 [  843   357]]"
