k,roc_auc,accuracy,precision,recall,f1_score,f1_macro,best_threshold,train_time
31,0.7491725114790518,0.8968289818411781,0.42090784044016505,0.29795520934761444,0.34891676168757124,0.646446214438762,0.3,0.5055549144744873
21,0.7414035345608812,0.8940283675128738,0.4029255319148936,0.29503407984420643,0.3406408094435076,0.6415125064949254,0.3,0.47658228874206543
15,0.7304705339812322,0.8890595356400759,0.38134592680047225,0.314508276533593,0.3447171824973319,0.6420585517697871,0.3,0.462785005569458
11,0.7166393843035492,0.8891498780377631,0.375,0.2921129503407984,0.3284072249589491,0.6339983050106153,0.3,0.45025205612182617
7,0.6926209336560546,0.8877947420724546,0.36270753512132825,0.2765335929892892,0.3138121546961326,0.626357080889979,0.3,0.4527730941772461
5,0.674225410045094,0.8666546210136417,0.29683257918552036,0.3193768257059396,0.3076923076923077,0.6169572205261499,0.3,0.5619220733642578
3,0.647447322996094,0.8921311771614419,0.3415559772296015,0.17526777020447906,0.23166023166023167,0.5868270066190782,0.4,0.6092720031738281
